filename,category,file_type,raw_text,clean_text,tokens,tokens_no_stopwords,stemmed_tokens,lemmas,entities,top_keywords,sections,text_image_references,text_length,word_count,regex_patterns,key_phrases
reports.pdf,reports,.pdf,"Se
Table 1. Magnitudes of the Association between Lung Cancer and Selected Risk

Factors

ooo

Risk Factors Relative Risk Reference

eee
Fruit Consumption:

High vs low intake 0.13 Knekt et al. 1991
Finnish nonsmoking males (p for trend
vs population controls <0.001)
High vs low intake 0.26 Fraser et al. 199]
U.S. Seventh-day Adventists (0.10-0.70)
cases vs controls
High vs low intake 0.4 Koo 1988
Asian female cases vs controls (0.2-0.9)
Dietary Carotene
Medium vs low intake of 0.2 Pastorino et al.
dietary beta-carotene (p <0.05) 1987
Female cases vs population controls
High vs low intake 0.3 Byers et al. 1987
of carotene from fruits (p for trend
and vegetables = 0.06)

Never and ex-smoking female
cases vs population controls

High vs. low intake of 0.3 Le Marchand et al.
other dietary carotenoids (pfortrend 1989
with vitamin A activity = 0.009)

Female cases vs population controls
eee

OZEb0948

me =

Are BAe

= AE

. ~«

eo

EVALUATION OF EFFECTS OF COMPOUND 3226 ON THE
CARDIOVASCULAR SYSTEM AND ON

RESPIRATION IN THE ANAESTHETISED DOG

Huntingdon
Research
Centre


RESEURGHAIURVELOPMENTIOEBIREDO Rime
@

TSSSt2ts

y1i
ECUSTA PAPER DIVISION Qf in
P.O. BOX 2 H 2

FOREST, NORTH CAROLINA 28768

",se table 1 magnitudes of the association between lung cancer and selected risk factors ooo risk factors relative risk reference eee fruit consumption high vs low intake 0 13 knekt et al 1991 finnish nonsmoking males p for trend vs population controls 0 001 high vs low intake 0 26 fraser et al 199 u s seventh day adventists 0 10 0 70 cases vs controls high vs low intake 0 4 koo 1988 asian female cases vs controls 0 2 0 9 dietary carotene medium vs low intake of 0 2 pastorino et al dietary beta carotene p 0 05 1987 female cases vs population controls high vs low intake 0 3 byers et al 1987 of carotene from fruits p for trend and vegetables 0 06 never and ex smoking female cases vs population controls high vs low intake of 0 3 le marchand et al other dietary carotenoids pfortrend 1989 with vitamin a activity 0 009 female cases vs population controls eee ozeb0948 me are bae ae eo evaluation of effects of compound 3226 on the cardiovascular system and on respiration in the anaesthetised dog huntingdon research centre reseurghaiurvelopmentioebiredo rime tssst2ts y1i ecusta paper division qf in p o box 2 h 2 forest north carolina 28768,"['se', 'table', '1', 'magnitudes', 'of', 'the', 'association', 'between', 'lung', 'cancer', 'and', 'selected', 'risk', 'factors', 'ooo', 'risk', 'factors', 'relative', 'risk', 'reference', 'eee', 'fruit', 'consumption', 'high', 'vs', 'low', 'intake', '0', '13', 'knekt', 'et', 'al', '1991', 'finnish', 'nonsmoking', 'males', 'p', 'for', 'trend', 'vs', 'population', 'controls', '0', '001', 'high', 'vs', 'low', 'intake', '0', '26', 'fraser', 'et', 'al', '199', 'u', 's', 'seventh', 'day', 'adventists', '0', '10', '0', '70', 'cases', 'vs', 'controls', 'high', 'vs', 'low', 'intake', '0', '4', 'koo', '1988', 'asian', 'female', 'cases', 'vs', 'controls', '0', '2', '0', '9', 'dietary', 'carotene', 'medium', 'vs', 'low', 'intake', 'of', '0', '2', 'pastorino', 'et', 'al', 'dietary', 'beta', 'carotene', 'p', '0', '05', '1987', 'female', 'cases', 'vs', 'population', 'controls', 'high', 'vs', 'low', 'intake', '0', '3', 'byers', 'et', 'al', '1987', 'of', 'carotene', 'from', 'fruits', 'p', 'for', 'trend', 'and', 'vegetables', '0', '06', 'never', 'and', 'ex', 'smoking', 'female', 'cases', 'vs', 'population', 'controls', 'high', 'vs', 'low', 'intake', 'of', '0', '3', 'le', 'marchand', 'et', 'al', 'other', 'dietary', 'carotenoids', 'pfortrend', '1989', 'with', 'vitamin', 'a', 'activity', '0', '009', 'female', 'cases', 'vs', 'population', 'controls', 'eee', 'ozeb0948', 'me', 'are', 'bae', 'ae', 'eo', 'evaluation', 'of', 'effects', 'of', 'compound', '3226', 'on', 'the', 'cardiovascular', 'system', 'and', 'on', 'respiration', 'in', 'the', 'anaesthetised', 'dog', 'huntingdon', 'research', 'centre', 'reseurghaiurvelopmentioebiredo', 'rime', 'tssst2ts', 'y1i', 'ecusta', 'paper', 'division', 'qf', 'in', 'p', 'o', 'box', '2', 'h', '2', 'forest', 'north', 'carolina', '28768']","['table', 'magnitudes', 'association', 'lung', 'cancer', 'selected', 'risk', 'factors', 'ooo', 'risk', 'factors', 'relative', 'risk', 'reference', 'eee', 'fruit', 'consumption', 'high', 'low', 'intake', 'knekt', '1991', 'finnish', 'nonsmoking', 'males', 'trend', 'population', 'controls', '001', 'high', 'low', 'intake', 'fraser', '199', 'seventh', 'day', 'adventists', 'cases', 'controls', 'high', 'low', 'intake', 'koo', '1988', 'asian', 'female', 'cases', 'controls', 'dietary', 'carotene', 'medium', 'low', 'intake', 'pastorino', 'dietary', 'beta', 'carotene', '1987', 'female', 'cases', 'population', 'controls', 'high', 'low', 'intake', 'byers', '1987', 'carotene', 'fruits', 'trend', 'vegetables', 'never', 'smoking', 'female', 'cases', 'population', 'controls', 'high', 'low', 'intake', 'marchand', 'dietary', 'carotenoids', 'pfortrend', '1989', 'vitamin', 'activity', '009', 'female', 'cases', 'population', 'controls', 'eee', 'ozeb0948', 'bae', 'evaluation', 'effects', 'compound', '3226', 'cardiovascular', 'system', 'respiration', 'anaesthetised', 'dog', 'huntingdon', 'research', 'centre', 'reseurghaiurvelopmentioebiredo', 'rime', 'tssst2ts', 'y1i', 'ecusta', 'paper', 'division', 'box', 'forest', 'north', 'carolina', '28768']","['tabl', 'magnitud', 'associ', 'lung', 'cancer', 'select', 'risk', 'factor', 'ooo', 'risk', 'factor', 'rel', 'risk', 'refer', 'eee', 'fruit', 'consumpt', 'high', 'low', 'intak', 'knekt', '1991', 'finnish', 'nonsmok', 'male', 'trend', 'popul', 'control', '001', 'high', 'low', 'intak', 'fraser', '199', 'seventh', 'day', 'adventist', 'case', 'control', 'high', 'low', 'intak', 'koo', '1988', 'asian', 'femal', 'case', 'control', 'dietari', 'caroten', 'medium', 'low', 'intak', 'pastorino', 'dietari', 'beta', 'caroten', '1987', 'femal', 'case', 'popul', 'control', 'high', 'low', 'intak', 'byer', '1987', 'caroten', 'fruit', 'trend', 'veget', 'never', 'smoke', 'femal', 'case', 'popul', 'control', 'high', 'low', 'intak', 'marchand', 'dietari', 'carotenoid', 'pfortrend', '1989', 'vitamin', 'activ', '009', 'femal', 'case', 'popul', 'control', 'eee', 'ozeb0948', 'bae', 'evalu', 'effect', 'compound', '3226', 'cardiovascular', 'system', 'respir', 'anaesthetis', 'dog', 'huntingdon', 'research', 'centr', 'reseurghaiurvelopmentioebiredo', 'rime', 'tssst2t', 'y1i', 'ecusta', 'paper', 'divis', 'box', 'forest', 'north', 'carolina', '28768']","['table', 'magnitude', 'association', 'lung', 'cancer', 'select', 'risk', 'factor', 'ooo', 'risk', 'factor', 'relative', 'risk', 'reference', 'eee', 'fruit', 'consumption', 'high', 'low', 'intake', 'knekt', 'finnish', 'nonsmoke', 'male', 'trend', 'population', 'control', 'high', 'low', 'intake', 'fraser', 'seventh', 'day', 'adventist', 'case', 'control', 'high', 'low', 'intake', 'koo', 'asian', 'female', 'case', 'control', 'dietary', 'carotene', 'medium', 'low', 'intake', 'pastorino', 'dietary', 'beta', 'carotene', 'female', 'case', 'population', 'control', 'high', 'low', 'intake', 'byer', 'carotene', 'fruit', 'trend', 'vegetable', 'never', 'smoke', 'female', 'case', 'population', 'control', 'high', 'low', 'intake', 'marchand', 'dietary', 'carotenoid', 'pfortrend', 'vitamin', 'activity', 'female', 'case', 'population', 'control', 'eee', 'bae', 'evaluation', 'effect', 'compound', 'cardiovascular', 'system', 'respiration', 'anaesthetised', 'dog', 'huntingdon', 'research', 'centre', 'reseurghaiurvelopmentioebiredo', 'rime', 'ecusta', 'paper', 'division', 'box', 'forest', 'north', 'carolina']","[('1', 'CARDINAL'), ('Association', 'ORG'), ('Lung Cancer', 'PERSON'), ('0.13', 'CARDINAL'), ('Knekt', 'ORG'), ('al', 'ORG'), ('1991', 'DATE'), ('Finnish', 'NORP'), ('Fraser', 'PERSON'), ('199', 'CARDINAL'), ('U.S.', 'GPE'), ('Seventh-day', 'DATE'), ('0.10', 'CARDINAL'), ('0.4', 'CARDINAL'), ('Asian', 'NORP'), ('0.2-0.9', 'CARDINAL'), ('Dietary Carotene\nMedium', 'PERSON'), ('0.2', 'CARDINAL'), ('0.05', 'CARDINAL'), ('1987', 'DATE'), ('0.3 Byers et', 'ORG'), ('al', 'PERSON'), ('1987', 'DATE'), ('0.06', 'CARDINAL'), ('0.3', 'CARDINAL'), ('1989', 'DATE'), ('0.009', 'CARDINAL'), ('AE', 'ORG'), ('3226', 'DATE'), ('NORTH CAROLINA 28768', 'GPE')]","['controls', 'intake', 'low', 'high', 'cases']","{'titles': ['= AE', 'EVALUATION OF EFFECTS OF COMPOUND 3226 ON THE', 'CARDIOVASCULAR SYSTEM AND ON', 'RESPIRATION IN THE ANAESTHETISED DOG', 'P.O. BOX 2 H 2', 'FOREST, NORTH CAROLINA 28768'], 'tables_or_fields': ['Table 1. Magnitudes of the Association between Lung Cancer and Selected Risk', 'High vs low intake 0.13 Knekt et al. 1991', 'vs population controls <0.001)', 'High vs low intake 0.26 Fraser et al. 199]', 'U.S. Seventh-day Adventists (0.10-0.70)', 'High vs low intake 0.4 Koo 1988', 'Asian female cases vs controls (0.2-0.9)', 'Medium vs low intake of 0.2 Pastorino et al.', 'dietary beta-carotene (p <0.05) 1987', 'High vs low intake 0.3 Byers et al. 1987', 'and vegetables = 0.06)', 'High vs. low intake of 0.3 Le Marchand et al.', 'other dietary carotenoids (pfortrend 1989', 'with vitamin A activity = 0.009)'], 'body': ['Se', 'Factors', 'ooo', 'Risk Factors Relative Risk Reference', 'eee', 'Fruit Consumption:', 'Finnish nonsmoking males (p for trend', 'cases vs controls', 'Dietary Carotene', 'Female cases vs population controls', 'of carotene from fruits (p for trend', 'Never and ex-smoking female', 'cases vs population controls', 'Female cases vs population controls', 'eee', 'OZEb0948', 'me =', 'Are BAe', '. ~«', 'eo', 'Huntingdon', 'Research', 'Centre', 'RESEURGHAIURVELOPMENTIOEBIREDO Rime', '@', 'TSSSt2ts', 'y1i', 'ECUSTA PAPER DIVISION Qf in']}","{'table_reference': True, 'figure_reference': False, 'diagram_reference': False, 'image_reference': False}",1146,210,"{'dates': [], 'amounts': [], 'emails': []}","['se table', 'the association', 'lung cancer', 'selected risk factors', 'risk factors', 'high vs low intake', 'controls high vs low intake', 'dietary carotene medium', 'low intake', 'low intake']"
advertisement_04.jpeg,advertisement,.jpeg,"There’s no need to stop making delicious dinners every night:
get HelloFresh delivered to your temporary address!

2. Find the “Delivery 3. Put the address
and Payment” you want your
section. Click next box delivered

the top right and “Edit” next to to and voila!

select “Account “Delivery Address.” You're ready to

Settings.” keep cookin’ all

summer long.

1. Log into your
account. Hover
over your name in

Summertime means making choices; mountains or beach?
Surf or turf? Vacation or staycation? We're breaking down these
summer showdowns, so you can make the most of your summer!
",there s no need to stop making delicious dinners every night get hellofresh delivered to your temporary address 2 find the delivery 3 put the address and payment you want your section click next box delivered the top right and edit next to to and voila select account delivery address you re ready to settings keep cookin all summer long 1 log into your account hover over your name in summertime means making choices mountains or beach surf or turf vacation or staycation we re breaking down these summer showdowns so you can make the most of your summer,"['there', 's', 'no', 'need', 'to', 'stop', 'making', 'delicious', 'dinners', 'every', 'night', 'get', 'hellofresh', 'delivered', 'to', 'your', 'temporary', 'address', '2', 'find', 'the', 'delivery', '3', 'put', 'the', 'address', 'and', 'payment', 'you', 'want', 'your', 'section', 'click', 'next', 'box', 'delivered', 'the', 'top', 'right', 'and', 'edit', 'next', 'to', 'to', 'and', 'voila', 'select', 'account', 'delivery', 'address', 'you', 're', 'ready', 'to', 'settings', 'keep', 'cookin', 'all', 'summer', 'long', '1', 'log', 'into', 'your', 'account', 'hover', 'over', 'your', 'name', 'in', 'summertime', 'means', 'making', 'choices', 'mountains', 'or', 'beach', 'surf', 'or', 'turf', 'vacation', 'or', 'staycation', 'we', 're', 'breaking', 'down', 'these', 'summer', 'showdowns', 'so', 'you', 'can', 'make', 'the', 'most', 'of', 'your', 'summer']","['need', 'stop', 'making', 'delicious', 'dinners', 'every', 'night', 'get', 'hellofresh', 'delivered', 'temporary', 'address', 'find', 'delivery', 'put', 'address', 'payment', 'want', 'section', 'click', 'next', 'box', 'delivered', 'top', 'right', 'edit', 'next', 'voila', 'select', 'account', 'delivery', 'address', 'ready', 'settings', 'keep', 'cookin', 'summer', 'long', 'log', 'account', 'hover', 'name', 'summertime', 'means', 'making', 'choices', 'mountains', 'beach', 'surf', 'turf', 'vacation', 'staycation', 'breaking', 'summer', 'showdowns', 'make', 'summer']","['need', 'stop', 'make', 'delici', 'dinner', 'everi', 'night', 'get', 'hellofresh', 'deliv', 'temporari', 'address', 'find', 'deliveri', 'put', 'address', 'payment', 'want', 'section', 'click', 'next', 'box', 'deliv', 'top', 'right', 'edit', 'next', 'voila', 'select', 'account', 'deliveri', 'address', 'readi', 'set', 'keep', 'cookin', 'summer', 'long', 'log', 'account', 'hover', 'name', 'summertim', 'mean', 'make', 'choic', 'mountain', 'beach', 'surf', 'turf', 'vacat', 'staycat', 'break', 'summer', 'showdown', 'make', 'summer']","['need', 'stop', 'make', 'delicious', 'dinner', 'every', 'night', 'get', 'hellofresh', 'deliver', 'temporary', 'address', 'find', 'delivery', 'put', 'address', 'payment', 'want', 'section', 'click', 'next', 'box', 'deliver', 'top', 'right', 'edit', 'next', 'voila', 'select', 'account', 'delivery', 'address', 'ready', 'setting', 'keep', 'cookin', 'summer', 'long', 'log', 'account', 'hover', 'name', 'summertime', 'mean', 'make', 'choice', 'mountain', 'beach', 'surf', 'turf', 'vacation', 'staycation', 'break', 'summer', 'showdown', 'make', 'summer']","[('2', 'CARDINAL'), ('3', 'CARDINAL'), ('Payment', 'LAW'), ('Edit', 'PRODUCT'), ('Account “Delivery Address', 'WORK_OF_ART'), ('1', 'CARDINAL'), ('summer', 'DATE'), ('summer', 'DATE')]","['address', 'box']","{'titles': [], 'tables_or_fields': ['2. Find the “Delivery 3. Put the address', '1. Log into your'], 'body': ['There’s no need to stop making delicious dinners every night:', 'get HelloFresh delivered to your temporary address!', 'and Payment” you want your', 'section. Click next box delivered', 'the top right and “Edit” next to to and voila!', ""select “Account “Delivery Address.” You're ready to"", 'Settings.” keep cookin’ all', 'summer long.', 'account. Hover', 'over your name in', 'Summertime means making choices; mountains or beach?', ""Surf or turf? Vacation or staycation? We're breaking down these"", 'summer showdowns, so you can make the most of your summer!']}","{'table_reference': False, 'figure_reference': False, 'diagram_reference': False, 'image_reference': False}",555,99,"{'dates': [], 'amounts': [], 'emails': []}","['no need', 'delicious dinners', 'your temporary address', 'the address', 'your section', 'next box', 'the top right', 'your account', 'your name', 'these summer showdowns']"
form_02.tif,form,.tif,"REGION # 4,614, 24 DATE: __ 6/1198
Total number of ""Chain Headquarter’s"" participating in Region > 27
Total number of ""Chain Stores"" participating. — 663
Total number of Independent Accounts participating. —
Grand Total of participating stores (Chain & independent). —_— 1,848

Please list “Participating” stores by Class Of Trade below.

SUPERMARKET S|
DRUG” cane 16
GROCERY 786
‘CONVENIENCE: 318 725

z wauoR %
DISCOUNT -2i 13
NEWSICIGAR = 8 | 18
Gen ee 7

GIG. STORE % EJ

‘Submit to M. Tahmaseb on 3/27, 5/01, 5/29, 6/26, 7/31, 8/28 - 1998

Loy28ogg
",region 4 614 24 date 6 1198 total number of chain headquarter s participating in region 27 total number of chain stores participating 663 total number of independent accounts participating grand total of participating stores chain independent 1 848 please list participating stores by class of trade below supermarket s drug cane 16 grocery 786 convenience 318 725 z wauor discount 2i 13 newsicigar 8 18 gen ee 7 gig store ej submit to m tahmaseb on 3 27 5 01 5 29 6 26 7 31 8 28 1998 loy28ogg,"['region', '4', '614', '24', 'date', '6', '1198', 'total', 'number', 'of', 'chain', 'headquarter', 's', 'participating', 'in', 'region', '27', 'total', 'number', 'of', 'chain', 'stores', 'participating', '663', 'total', 'number', 'of', 'independent', 'accounts', 'participating', 'grand', 'total', 'of', 'participating', 'stores', 'chain', 'independent', '1', '848', 'please', 'list', 'participating', 'stores', 'by', 'class', 'of', 'trade', 'below', 'supermarket', 's', 'drug', 'cane', '16', 'grocery', '786', 'convenience', '318', '725', 'z', 'wauor', 'discount', '2i', '13', 'newsicigar', '8', '18', 'gen', 'ee', '7', 'gig', 'store', 'ej', 'submit', 'to', 'm', 'tahmaseb', 'on', '3', '27', '5', '01', '5', '29', '6', '26', '7', '31', '8', '28', '1998', 'loy28ogg']","['region', '614', 'date', '1198', 'total', 'number', 'chain', 'headquarter', 'participating', 'region', 'total', 'number', 'chain', 'stores', 'participating', '663', 'total', 'number', 'independent', 'accounts', 'participating', 'grand', 'total', 'participating', 'stores', 'chain', 'independent', '848', 'please', 'list', 'participating', 'stores', 'class', 'trade', 'supermarket', 'drug', 'cane', 'grocery', '786', 'convenience', '318', '725', 'wauor', 'discount', 'newsicigar', 'gen', 'gig', 'store', 'submit', 'tahmaseb', '1998', 'loy28ogg']","['region', '614', 'date', '1198', 'total', 'number', 'chain', 'headquart', 'particip', 'region', 'total', 'number', 'chain', 'store', 'particip', '663', 'total', 'number', 'independ', 'account', 'particip', 'grand', 'total', 'particip', 'store', 'chain', 'independ', '848', 'pleas', 'list', 'particip', 'store', 'class', 'trade', 'supermarket', 'drug', 'cane', 'groceri', '786', 'conveni', '318', '725', 'wauor', 'discount', 'newsicigar', 'gen', 'gig', 'store', 'submit', 'tahmaseb', '1998', 'loy28ogg']","['region', 'date', 'total', 'number', 'chain', 'headquarter', 'participate', 'region', 'total', 'number', 'chain', 'store', 'participate', 'total', 'number', 'independent', 'account', 'participate', 'grand', 'total', 'participate', 'store', 'chain', 'independent', 'please', 'list', 'participate', 'store', 'class', 'trade', 'supermarket', 'drug', 'cane', 'grocery', 'convenience', 'wauor', 'discount', 'newsicigar', 'gen', 'gig', 'store', 'submit', 'tahmaseb']","[('4,614', 'MONEY'), ('24', 'CARDINAL'), ('Chain Headquarter’s', 'WORK_OF_ART'), ('27', 'CARDINAL'), ('Chain Stores', 'WORK_OF_ART'), ('663', 'CARDINAL'), ('Independent Accounts', 'ORG'), ('Grand Total', 'ORG'), ('Chain & independent', 'ORG'), ('1,848', 'CARDINAL'), ('16', 'CARDINAL'), ('786', 'CARDINAL'), ('318', 'CARDINAL'), ('13', 'CARDINAL'), ('NEWSICIGAR', 'ORG'), ('8 | 18\n', 'QUANTITY'), ('M. Tahmaseb', 'PERSON'), ('3/27', 'DATE'), ('5/01', 'DATE'), ('5/29', 'CARDINAL'), ('6/26', 'DATE'), ('7/31', 'DATE'), ('8/28 - 1998', 'DATE')]","['participating', 'total', 'number', 'please', 'date']","{'titles': ['REGION # 4,614, 24 DATE: __ 6/1198', 'SUPERMARKET S|', 'GROCERY 786', '‘CONVENIENCE: 318 725', 'NEWSICIGAR = 8 | 18', 'GIG. STORE % EJ'], 'tables_or_fields': ['Total number of ""Chain Headquarter’s"" participating in Region > 27', 'Total number of ""Chain Stores"" participating. — 663', 'Grand Total of participating stores (Chain & independent). —_— 1,848', 'DRUG” cane 16', 'DISCOUNT -2i 13', 'Gen ee 7', '‘Submit to M. Tahmaseb on 3/27, 5/01, 5/29, 6/26, 7/31, 8/28 - 1998'], 'body': ['Total number of Independent Accounts participating. —', 'Please list “Participating” stores by Class Of Trade below.', 'z wauoR %', 'Loy28ogg']}","{'table_reference': False, 'figure_reference': False, 'diagram_reference': False, 'image_reference': False}",493,91,"{'dates': [], 'amounts': [], 'emails': []}","['independent accounts', 'participating stores']"
form_03.tif,form,.tif,"To: KASPARROW _ DATE TONYO:
FROM: H Alcala”

DIV.NAME/NO: Raleigh, Sect IZ

1997 SPECIAL EVENT REQUEST EORM RECEIVED

FEB 1
nameorevent: Soutde “Teade Shed Ka, Spam
spatsorevent: Apel Wb, 17-1997 Row

SAMPLES / ITEMS REQUIRED: SAMPLE 10'S (400 PACKS PER CASE)

NEWPORT KS. KENTGLLTSKS. t

NEWPORT 100 KENTGL 100, T

NEWPORTLIS. KS.

NEWPORTLTS. 100,

- - ITEMS QUANTITY REQUIRED

BASEBALL CAP 240

- - WATER BOTTLES =

sur:

CUSTOMER SHIPPING NUMBER 198. 3120008,

NYO ONLY:

DATE FORWARDED TO PROMOTION SERVICES: Be 97

OSLYS7C8B

+ PLEASE ALLOW 6 WEEKS FOR PROCESSING OF YOUR REQUEST.

REQFORM own7ia7
",to kasparrow date tonyo from h alcala div name no raleigh sect iz 1997 special event request eorm received feb 1 nameorevent soutde teade shed ka spam spatsorevent apel wb 17 1997 row samples items required sample 10 s 400 packs per case newport ks kentglltsks t newport 100 kentgl 100 t newportlis ks newportlts 100 items quantity required baseball cap 240 water bottles sur customer shipping number 198 3120008 nyo only date forwarded to promotion services be 97 oslys7c8b please allow 6 weeks for processing of your request reqform own7ia7,"['to', 'kasparrow', 'date', 'tonyo', 'from', 'h', 'alcala', 'div', 'name', 'no', 'raleigh', 'sect', 'iz', '1997', 'special', 'event', 'request', 'eorm', 'received', 'feb', '1', 'nameorevent', 'soutde', 'teade', 'shed', 'ka', 'spam', 'spatsorevent', 'apel', 'wb', '17', '1997', 'row', 'samples', 'items', 'required', 'sample', '10', 's', '400', 'packs', 'per', 'case', 'newport', 'ks', 'kentglltsks', 't', 'newport', '100', 'kentgl', '100', 't', 'newportlis', 'ks', 'newportlts', '100', 'items', 'quantity', 'required', 'baseball', 'cap', '240', 'water', 'bottles', 'sur', 'customer', 'shipping', 'number', '198', '3120008', 'nyo', 'only', 'date', 'forwarded', 'to', 'promotion', 'services', 'be', '97', 'oslys7c8b', 'please', 'allow', '6', 'weeks', 'for', 'processing', 'of', 'your', 'request', 'reqform', 'own7ia7']","['kasparrow', 'date', 'tonyo', 'alcala', 'div', 'name', 'raleigh', 'sect', '1997', 'special', 'event', 'request', 'eorm', 'received', 'feb', 'nameorevent', 'soutde', 'teade', 'shed', 'spam', 'spatsorevent', 'apel', '1997', 'row', 'samples', 'items', 'required', 'sample', '400', 'packs', 'per', 'case', 'newport', 'kentglltsks', 'newport', '100', 'kentgl', '100', 'newportlis', 'newportlts', '100', 'items', 'quantity', 'required', 'baseball', 'cap', '240', 'water', 'bottles', 'sur', 'customer', 'shipping', 'number', '198', '3120008', 'nyo', 'date', 'forwarded', 'promotion', 'services', 'oslys7c8b', 'please', 'allow', 'weeks', 'processing', 'request', 'reqform', 'own7ia7']","['kasparrow', 'date', 'tonyo', 'alcala', 'div', 'name', 'raleigh', 'sect', '1997', 'special', 'event', 'request', 'eorm', 'receiv', 'feb', 'nameorev', 'soutd', 'tead', 'shed', 'spam', 'spatsorev', 'apel', '1997', 'row', 'sampl', 'item', 'requir', 'sampl', '400', 'pack', 'per', 'case', 'newport', 'kentglltsk', 'newport', '100', 'kentgl', '100', 'newportli', 'newportlt', '100', 'item', 'quantiti', 'requir', 'basebal', 'cap', '240', 'water', 'bottl', 'sur', 'custom', 'ship', 'number', '198', '3120008', 'nyo', 'date', 'forward', 'promot', 'servic', 'oslys7c8b', 'pleas', 'allow', 'week', 'process', 'request', 'reqform', 'own7ia7']","['kasparrow', 'date', 'tonyo', 'alcala', 'div', 'name', 'raleigh', 'sect', 'special', 'event', 'request', 'eorm', 'receive', 'feb', 'nameorevent', 'soutde', 'teade', 'shed', 'spam', 'spatsorevent', 'apel', 'row', 'sample', 'item', 'require', 'sample', 'pack', 'per', 'case', 'newport', 'kentglltsks', 'newport', 'kentgl', 'newportlis', 'newportlt', 'item', 'quantity', 'require', 'baseball', 'cap', 'water', 'bottle', 'sur', 'customer', 'shipping', 'number', 'nyo', 'date', 'forward', 'promotion', 'service', 'please', 'allow', 'week', 'processing', 'request', 'reqform']","[('KASPARROW', 'ORG'), ('Sect IZ', 'PERSON'), ('1', 'CARDINAL'), ('Soutde “Teade Shed Ka', 'ORG'), ('Apel Wb', 'PERSON'), ('17-1997 Row', 'DATE'), ('400 PACKS PER CASE', 'MONEY'), ('KENTGLLTSKS', 'GPE'), ('NEWPORT', 'ORG'), ('100', 'CARDINAL'), ('100', 'CARDINAL'), ('NEWPORTLIS', 'ORG'), ('KS', 'ORG'), ('NEWPORTLTS', 'ORG'), ('100', 'CARDINAL'), ('CAP', 'ORG'), ('240', 'CARDINAL'), ('198', 'CARDINAL'), ('3120008', 'DATE'), ('NYO', 'ORG'), ('6', 'CARDINAL')]","['date', 'number', 'please']","{'titles': ['1997 SPECIAL EVENT REQUEST EORM RECEIVED', 'FEB 1', 'NEWPORT 100 KENTGL 100, T', 'NEWPORTLIS. KS.', 'NEWPORTLTS. 100,', '- - ITEMS QUANTITY REQUIRED', 'BASEBALL CAP 240', '- - WATER BOTTLES =', 'CUSTOMER SHIPPING NUMBER 198. 3120008,', 'NYO ONLY:', 'OSLYS7C8B'], 'tables_or_fields': ['spatsorevent: Apel Wb, 17-1997 Row', ""SAMPLES / ITEMS REQUIRED: SAMPLE 10'S (400 PACKS PER CASE)"", 'DATE FORWARDED TO PROMOTION SERVICES: Be 97', '+ PLEASE ALLOW 6 WEEKS FOR PROCESSING OF YOUR REQUEST.', 'REQFORM own7ia7'], 'body': ['To: KASPARROW _ DATE TONYO:', 'FROM: H Alcala”', 'DIV.NAME/NO: Raleigh, Sect IZ', 'nameorevent: Soutde “Teade Shed Ka, Spam', 'NEWPORT KS. KENTGLLTSKS. t', 'sur:']}","{'table_reference': False, 'figure_reference': False, 'diagram_reference': False, 'image_reference': False}",542,91,"{'dates': [], 'amounts': [], 'emails': []}","['sect iz', 'request eorm received', 'spam spatsorevent', 'apel wb', 't newport', 't newportlis', 'customer shipping number', 'date forwarded', 'promotion services', 'your request']"
form_01.tif,form,.tif,"HARLEY.

———_
SCHEDULE #: 94-089 Dave: 4/20/04
PROGRAM: AREA 4 & 5. ‘TIMING: JUNE 27, 1994
KG. C/E 71—550—1__BRAND PACKING 1 SHEET | 6/3/94 _| 854 TBD.
hantev LT.KG. C/E 550-1 __ BRAND PACKING 1 SHEET | 6/3/94 756 TBD.
BOX 80S C/E. 73—550—1__BRAND PACKING. 1 SHEET | 6/3/94 966. TBD.
LEY LT. BOX 80S C/E 74—550—1__BRAND PACKING. 1 SHEET. oO TBD
KG. G-SERIES. 71-530-0__ BRAND PACKING 1. SHEET. 1,367. TBD
Haney LT. KG.—G-SERIES 72—530-0__ BRAND PACKING. 1 SHEET | 6/3/94 1,485. TBD
LEY BOX 80S—G—SERIES. 73-530-0 BRAND PACKING 1 SHEET | 6/3/94 1,593. TBD
LEY LT. BOX 80'S-G-SERIES| 74~530-0 _BRAND PACKING. 1 SHEET | 6/3/94 1,429 TBD.
LL ORDER FORM. 70-219-0 _|ALL PACKINGS 100 6/3/94 0 TBD.
\LES BROCHURE. N/A a 6/3/94 oO TBD.
—
* MSQ = Minimum Shipping Quantity.
(H94—089)

* AFS = Available For Shipping

z47Z9076

",harley schedule 94 089 dave 4 20 04 program area 4 5 timing june 27 1994 kg c e 71 550 1 brand packing 1 sheet 6 3 94 854 tbd hantev lt kg c e 550 1 brand packing 1 sheet 6 3 94 756 tbd box 80s c e 73 550 1 brand packing 1 sheet 6 3 94 966 tbd ley lt box 80s c e 74 550 1 brand packing 1 sheet oo tbd kg g series 71 530 0 brand packing 1 sheet 1 367 tbd haney lt kg g series 72 530 0 brand packing 1 sheet 6 3 94 1 485 tbd ley box 80s g series 73 530 0 brand packing 1 sheet 6 3 94 1 593 tbd ley lt box 80 s g series 74 530 0 brand packing 1 sheet 6 3 94 1 429 tbd ll order form 70 219 0 all packings 100 6 3 94 0 tbd les brochure n a a 6 3 94 oo tbd msq minimum shipping quantity h94 089 afs available for shipping z47z9076,"['harley', 'schedule', '94', '089', 'dave', '4', '20', '04', 'program', 'area', '4', '5', 'timing', 'june', '27', '1994', 'kg', 'c', 'e', '71', '550', '1', 'brand', 'packing', '1', 'sheet', '6', '3', '94', '854', 'tbd', 'hantev', 'lt', 'kg', 'c', 'e', '550', '1', 'brand', 'packing', '1', 'sheet', '6', '3', '94', '756', 'tbd', 'box', '80s', 'c', 'e', '73', '550', '1', 'brand', 'packing', '1', 'sheet', '6', '3', '94', '966', 'tbd', 'ley', 'lt', 'box', '80s', 'c', 'e', '74', '550', '1', 'brand', 'packing', '1', 'sheet', 'oo', 'tbd', 'kg', 'g', 'series', '71', '530', '0', 'brand', 'packing', '1', 'sheet', '1', '367', 'tbd', 'haney', 'lt', 'kg', 'g', 'series', '72', '530', '0', 'brand', 'packing', '1', 'sheet', '6', '3', '94', '1', '485', 'tbd', 'ley', 'box', '80s', 'g', 'series', '73', '530', '0', 'brand', 'packing', '1', 'sheet', '6', '3', '94', '1', '593', 'tbd', 'ley', 'lt', 'box', '80', 's', 'g', 'series', '74', '530', '0', 'brand', 'packing', '1', 'sheet', '6', '3', '94', '1', '429', 'tbd', 'll', 'order', 'form', '70', '219', '0', 'all', 'packings', '100', '6', '3', '94', '0', 'tbd', 'les', 'brochure', 'n', 'a', 'a', '6', '3', '94', 'oo', 'tbd', 'msq', 'minimum', 'shipping', 'quantity', 'h94', '089', 'afs', 'available', 'for', 'shipping', 'z47z9076']","['harley', 'schedule', '089', 'dave', 'program', 'area', 'timing', 'june', '1994', '550', 'brand', 'packing', 'sheet', '854', 'tbd', 'hantev', '550', 'brand', 'packing', 'sheet', '756', 'tbd', 'box', '80s', '550', 'brand', 'packing', 'sheet', '966', 'tbd', 'ley', 'box', '80s', '550', 'brand', 'packing', 'sheet', 'tbd', 'series', '530', 'brand', 'packing', 'sheet', '367', 'tbd', 'haney', 'series', '530', 'brand', 'packing', 'sheet', '485', 'tbd', 'ley', 'box', '80s', 'series', '530', 'brand', 'packing', 'sheet', '593', 'tbd', 'ley', 'box', 'series', '530', 'brand', 'packing', 'sheet', '429', 'tbd', 'order', 'form', '219', 'packings', '100', 'tbd', 'les', 'brochure', 'tbd', 'msq', 'minimum', 'shipping', 'quantity', 'h94', '089', 'afs', 'available', 'shipping', 'z47z9076']","['harley', 'schedul', '089', 'dave', 'program', 'area', 'time', 'june', '1994', '550', 'brand', 'pack', 'sheet', '854', 'tbd', 'hantev', '550', 'brand', 'pack', 'sheet', '756', 'tbd', 'box', '80', '550', 'brand', 'pack', 'sheet', '966', 'tbd', 'ley', 'box', '80', '550', 'brand', 'pack', 'sheet', 'tbd', 'seri', '530', 'brand', 'pack', 'sheet', '367', 'tbd', 'haney', 'seri', '530', 'brand', 'pack', 'sheet', '485', 'tbd', 'ley', 'box', '80', 'seri', '530', 'brand', 'pack', 'sheet', '593', 'tbd', 'ley', 'box', 'seri', '530', 'brand', 'pack', 'sheet', '429', 'tbd', 'order', 'form', '219', 'pack', '100', 'tbd', 'le', 'brochur', 'tbd', 'msq', 'minimum', 'ship', 'quantiti', 'h94', '089', 'af', 'avail', 'ship', 'z47z9076']","['harley', 'schedule', 'dave', 'program', 'area', 'timing', 'june', 'brand', 'pack', 'sheet', 'tbd', 'hantev', 'brand', 'pack', 'sheet', 'tbd', 'box', 'brand', 'pack', 'sheet', 'tbd', 'ley', 'box', 'brand', 'pack', 'sheet', 'tbd', 'series', 'brand', 'pack', 'sheet', 'tbd', 'haney', 'series', 'brand', 'pack', 'sheet', 'tbd', 'ley', 'box', 'series', 'brand', 'pack', 'sheet', 'tbd', 'ley', 'box', 'series', 'brand', 'pack', 'sheet', 'tbd', 'order', 'form', 'packing', 'tbd', 'les', 'brochure', 'tbd', 'msq', 'minimum', 'shipping', 'quantity', 'afs', 'available', 'ship']","[('HARLEY', 'ORG'), ('94-089', 'CARDINAL'), ('4/20/04', 'CARDINAL'), ('AREA 4 & 5', 'ORG'), ('JUNE 27, 1994\nKG', 'DATE'), ('1', 'CARDINAL'), ('854', 'CARDINAL'), ('1', 'CARDINAL'), ('1', 'CARDINAL'), ('6/3/94 966', 'CARDINAL'), ('LEY', 'ORG'), ('1', 'CARDINAL'), ('71', 'CARDINAL'), ('1', 'CARDINAL'), ('1,367', 'CARDINAL'), ('Haney LT', 'ORG'), ('KG.—G', 'PERSON'), ('1', 'CARDINAL'), ('6/3/94 1,485', 'CARDINAL'), ('73', 'CARDINAL'), ('1', 'CARDINAL'), ('6/3/94 1,593', 'CARDINAL'), ('BOX', 'ORG'), ('74~530-0', 'CARDINAL'), ('1', 'CARDINAL'), ('6/3/94 1,429', 'CARDINAL'), ('70-219', 'CARDINAL'), ('100', 'CARDINAL'), ('\\LES BROCHURE', 'PERSON'), ('6/3/94', 'CARDINAL'), ('TBD', 'ORG')]","['tbd', 'sheet', 'brand', 'packing', 'box']","{'titles': ['HARLEY.', '(H94—089)'], 'tables_or_fields': ['SCHEDULE #: 94-089 Dave: 4/20/04', 'PROGRAM: AREA 4 & 5. ‘TIMING: JUNE 27, 1994', 'KG. C/E 71—550—1__BRAND PACKING 1 SHEET | 6/3/94 _| 854 TBD.', 'hantev LT.KG. C/E 550-1 __ BRAND PACKING 1 SHEET | 6/3/94 756 TBD.', 'BOX 80S C/E. 73—550—1__BRAND PACKING. 1 SHEET | 6/3/94 966. TBD.', 'LEY LT. BOX 80S C/E 74—550—1__BRAND PACKING. 1 SHEET. oO TBD', 'KG. G-SERIES. 71-530-0__ BRAND PACKING 1. SHEET. 1,367. TBD', 'Haney LT. KG.—G-SERIES 72—530-0__ BRAND PACKING. 1 SHEET | 6/3/94 1,485. TBD', 'LEY BOX 80S—G—SERIES. 73-530-0 BRAND PACKING 1 SHEET | 6/3/94 1,593. TBD', ""LEY LT. BOX 80'S-G-SERIES| 74~530-0 _BRAND PACKING. 1 SHEET | 6/3/94 1,429 TBD."", 'LL ORDER FORM. 70-219-0 _|ALL PACKINGS 100 6/3/94 0 TBD.', '\\LES BROCHURE. N/A a 6/3/94 oO TBD.'], 'body': ['———_', '—', '* MSQ = Minimum Shipping Quantity.', '* AFS = Available For Shipping', 'z47Z9076']}","{'table_reference': False, 'figure_reference': False, 'diagram_reference': False, 'image_reference': False}",724,182,"{'dates': ['4/20/04', '6/3/94', '6/3/94', '6/3/94', '6/3/94', '6/3/94', '6/3/94', '6/3/94', '6/3/94'], 'amounts': [], 'emails': []}","['oo tbd kg', 'tbd ley box', 'll order form']"
advertisement_03.tif,advertisement,.tif,"SURGEON GENERAL'S WARNING: Cigarette
Smoke Contains Carbon Monoxide.

",surgeon general s warning cigarette smoke contains carbon monoxide,"['surgeon', 'general', 's', 'warning', 'cigarette', 'smoke', 'contains', 'carbon', 'monoxide']","['surgeon', 'general', 'warning', 'cigarette', 'smoke', 'contains', 'carbon', 'monoxide']","['surgeon', 'gener', 'warn', 'cigarett', 'smoke', 'contain', 'carbon', 'monoxid']","['surgeon', 'general', 'warn', 'cigarette', 'smoke', 'contain', 'carbon', 'monoxide']","[('Carbon Monoxide', 'PERSON')]",[],"{'titles': [], 'tables_or_fields': [], 'body': [""SURGEON GENERAL'S WARNING: Cigarette"", 'Smoke Contains Carbon Monoxide.']}","{'table_reference': False, 'figure_reference': False, 'diagram_reference': False, 'image_reference': False}",66,9,"{'dates': [], 'amounts': [], 'emails': []}","['cigarette smoke', 'carbon monoxide']"
invoices.pdf,invoices,.pdf,"POLITICAL CAMPAIGN CONTRIBUTION REQUEST
Date: May 13, 1998 State: X Local: (J

RECIPIENT INFORMATION

Address

4201 Del Ray Av.
Las Vegas, NV 89102
Current Office and District

| Aspired Officeand District |
pParty Democrat

a
joke

CONTRIBUTION INFORMATION

[Amount SS.
1401-7710-NV 01

Check Payable to
Address
(Only if different from address above)

| Notes:
ate needed; fundraiser date; other info.

Approved by: ‘ Vit =

Revised 2/95

T11712-0363

egy 1°? 19983

THE
G R ie) U Pp
INVOICE/STATEMENT
TO: Mr. Bob McAdam
The Tobacco Institute
1875 I Street, N. W.
Washington, D.C. 20006
DATE: August 17, 1993

INV.#: 93230

Video tapes of August 3, 1993 Prees Conference
L. A. H. C.

$431.21

Wl 10866 Wit. SHIRE BOULEVARD, SUITE $90. LOS ANGELES, CALIFORMA 90024-4303 _ (310) 446-4800 . FAX (310) 446-1896
[1225 RIGHTH STREET, SUITE 425 . SACRAMENTO, CALIFORNIA 95814 . (916) 441-4383. PAX (916) 441-4132

T11657-0064

OM1L AdOD LN3I1D

LNNOWV SA0RV
oo°SsIl6 oo*STTé6 and iNNOWV IVLOL

OO*STTI6 OO*STT6 Si} 3003 4HOM YO4 WLOL

43HLO SWILdaVLS
3WIL 44VLS b66t 330 96/330

OO*STTIé6 Oo*STTé

SSIGANI 7*34
SWILASVLS 466T %é66IV gor
3HILAAVIS Vv VIG3IH
oO SLHSI1 LYOdM3SN-GYV11I401 M3N LONGOYd
q aquviirtyot 4o7 ILN3I135
q VIIG NOTLINGOSd S6/¢2/to0 3ivd 111g
COLE"" LE/ZLZ
TOLSZZOOL 440A MON SUDA ON SUI[jOD) ddey
SNudAy UOSIPEN\ Ber LZ
~~

",political campaign contribution request date may 13 1998 state x local j recipient information address 4201 del ray av las vegas nv 89102 current office and district aspired officeand district pparty democrat a joke contribution information amount ss 1401 7710 nv 01 check payable to address only if different from address above notes ate needed fundraiser date other info approved by vit revised 2 95 t11712 0363 egy 1 19983 the g r ie u pp invoice statement to mr bob mcadam the tobacco institute 1875 i street n w washington d c 20006 date august 17 1993 inv 93230 video tapes of august 3 1993 prees conference l a h c 431 21 wl 10866 wit shire boulevard suite 90 los angeles califorma 90024 4303 310 446 4800 fax 310 446 1896 1225 righth street suite 425 sacramento california 95814 916 441 4383 pax 916 441 4132 t11657 0064 om1l adod ln3i1d lnnowv sa0rv oo ssil6 oo stt 6 and innowv ivlol oo stti6 oo stt6 si 3003 4hom yo4 wlol 43hlo swildavls 3wil 44vls b66t 330 96 330 oo stti 6 oo stt ssigani 7 34 swilasvls 466t 66iv gor 3hilaavis vv vig3ih oo slhsi1 lyodm3sn gyv11i401 m3n longoyd q aquviirtyot 4o7 iln3i135 q viig notlingosd s6 2 to0 3ivd 111g cole le zlz tolszzool 440a mon suda on sui jod ddey snuday uosipen ber lz,"['political', 'campaign', 'contribution', 'request', 'date', 'may', '13', '1998', 'state', 'x', 'local', 'j', 'recipient', 'information', 'address', '4201', 'del', 'ray', 'av', 'las', 'vegas', 'nv', '89102', 'current', 'office', 'and', 'district', 'aspired', 'officeand', 'district', 'pparty', 'democrat', 'a', 'joke', 'contribution', 'information', 'amount', 'ss', '1401', '7710', 'nv', '01', 'check', 'payable', 'to', 'address', 'only', 'if', 'different', 'from', 'address', 'above', 'notes', 'ate', 'needed', 'fundraiser', 'date', 'other', 'info', 'approved', 'by', 'vit', 'revised', '2', '95', 't11712', '0363', 'egy', '1', '19983', 'the', 'g', 'r', 'ie', 'u', 'pp', 'invoice', 'statement', 'to', 'mr', 'bob', 'mcadam', 'the', 'tobacco', 'institute', '1875', 'i', 'street', 'n', 'w', 'washington', 'd', 'c', '20006', 'date', 'august', '17', '1993', 'inv', '93230', 'video', 'tapes', 'of', 'august', '3', '1993', 'prees', 'conference', 'l', 'a', 'h', 'c', '431', '21', 'wl', '10866', 'wit', 'shire', 'boulevard', 'suite', '90', 'los', 'angeles', 'califorma', '90024', '4303', '310', '446', '4800', 'fax', '310', '446', '1896', '1225', 'righth', 'street', 'suite', '425', 'sacramento', 'california', '95814', '916', '441', '4383', 'pax', '916', '441', '4132', 't11657', '0064', 'om1l', 'adod', 'ln3i1d', 'lnnowv', 'sa0rv', 'oo', 'ssil6', 'oo', 'stt', '6', 'and', 'innowv', 'ivlol', 'oo', 'stti6', 'oo', 'stt6', 'si', '3003', '4hom', 'yo4', 'wlol', '43hlo', 'swildavls', '3wil', '44vls', 'b66t', '330', '96', '330', 'oo', 'stti', '6', 'oo', 'stt', 'ssigani', '7', '34', 'swilasvls', '466t', '66iv', 'gor', '3hilaavis', 'vv', 'vig3ih', 'oo', 'slhsi1', 'lyodm3sn', 'gyv11i401', 'm3n', 'longoyd', 'q', 'aquviirtyot', '4o7', 'iln3i135', 'q', 'viig', 'notlingosd', 's6', '2', 'to0', '3ivd', '111g', 'cole', 'le', 'zlz', 'tolszzool', '440a', 'mon', 'suda', 'on', 'sui', 'jod', 'ddey', 'snuday', 'uosipen', 'ber', 'lz']","['political', 'campaign', 'contribution', 'request', 'date', 'may', '1998', 'state', 'local', 'recipient', 'information', 'address', '4201', 'del', 'ray', 'las', 'vegas', '89102', 'current', 'office', 'district', 'aspired', 'officeand', 'district', 'pparty', 'democrat', 'joke', 'contribution', 'information', 'amount', '1401', '7710', 'check', 'payable', 'address', 'different', 'address', 'notes', 'ate', 'needed', 'fundraiser', 'date', 'info', 'approved', 'vit', 'revised', 't11712', '0363', 'egy', '19983', 'invoice', 'statement', 'bob', 'mcadam', 'tobacco', 'institute', '1875', 'street', 'washington', '20006', 'date', 'august', '1993', 'inv', '93230', 'video', 'tapes', 'august', '1993', 'prees', 'conference', '431', '10866', 'wit', 'shire', 'boulevard', 'suite', 'los', 'angeles', 'califorma', '90024', '4303', '310', '446', '4800', 'fax', '310', '446', '1896', '1225', 'righth', 'street', 'suite', '425', 'sacramento', 'california', '95814', '916', '441', '4383', 'pax', '916', '441', '4132', 't11657', '0064', 'om1l', 'adod', 'ln3i1d', 'lnnowv', 'sa0rv', 'ssil6', 'stt', 'innowv', 'ivlol', 'stti6', 'stt6', '3003', '4hom', 'yo4', 'wlol', '43hlo', 'swildavls', '3wil', '44vls', 'b66t', '330', '330', 'stti', 'stt', 'ssigani', 'swilasvls', '466t', '66iv', 'gor', '3hilaavis', 'vig3ih', 'slhsi1', 'lyodm3sn', 'gyv11i401', 'm3n', 'longoyd', 'aquviirtyot', '4o7', 'iln3i135', 'viig', 'notlingosd', 'to0', '3ivd', '111g', 'cole', 'zlz', 'tolszzool', '440a', 'mon', 'suda', 'sui', 'jod', 'ddey', 'snuday', 'uosipen', 'ber']","['polit', 'campaign', 'contribut', 'request', 'date', 'may', '1998', 'state', 'local', 'recipi', 'inform', 'address', '4201', 'del', 'ray', 'la', 'vega', '89102', 'current', 'offic', 'district', 'aspir', 'officeand', 'district', 'pparti', 'democrat', 'joke', 'contribut', 'inform', 'amount', '1401', '7710', 'check', 'payabl', 'address', 'differ', 'address', 'note', 'ate', 'need', 'fundrais', 'date', 'info', 'approv', 'vit', 'revis', 't11712', '0363', 'egi', '19983', 'invoic', 'statement', 'bob', 'mcadam', 'tobacco', 'institut', '1875', 'street', 'washington', '20006', 'date', 'august', '1993', 'inv', '93230', 'video', 'tape', 'august', '1993', 'pree', 'confer', '431', '10866', 'wit', 'shire', 'boulevard', 'suit', 'lo', 'angel', 'califorma', '90024', '4303', '310', '446', '4800', 'fax', '310', '446', '1896', '1225', 'righth', 'street', 'suit', '425', 'sacramento', 'california', '95814', '916', '441', '4383', 'pax', '916', '441', '4132', 't11657', '0064', 'om1l', 'adod', 'ln3i1d', 'lnnowv', 'sa0rv', 'ssil6', 'stt', 'innowv', 'ivlol', 'stti6', 'stt6', '3003', '4hom', 'yo4', 'wlol', '43hlo', 'swildavl', '3wil', '44vl', 'b66t', '330', '330', 'stti', 'stt', 'ssigani', 'swilasvl', '466t', '66iv', 'gor', '3hilaavi', 'vig3ih', 'slhsi1', 'lyodm3sn', 'gyv11i401', 'm3n', 'longoyd', 'aquviirtyot', '4o7', 'iln3i135', 'viig', 'notlingosd', 'to0', '3ivd', '111g', 'cole', 'zlz', 'tolszzool', '440a', 'mon', 'suda', 'sui', 'jod', 'ddey', 'snuday', 'uosipen', 'ber']","['political', 'campaign', 'contribution', 'request', 'date', 'may', 'state', 'local', 'recipient', 'information', 'address', 'del', 'ray', 'las', 'vegas', 'current', 'office', 'district', 'aspire', 'officeand', 'district', 'pparty', 'democrat', 'joke', 'contribution', 'information', 'amount', 'check', 'payable', 'address', 'different', 'address', 'note', 'eat', 'need', 'fundraiser', 'date', 'info', 'approve', 'vit', 'revise', 'egy', 'invoice', 'statement', 'bob', 'mcadam', 'tobacco', 'institute', 'street', 'washington', 'date', 'august', 'inv', 'video', 'tape', 'august', 'pree', 'conference', 'wit', 'shire', 'boulevard', 'suite', 'los', 'angeles', 'califorma', 'fax', 'righth', 'street', 'suite', 'sacramento', 'california', 'pax', 'adod', 'lnnowv', 'stt', 'innowv', 'ivlol', 'wlol', 'swildavls', 'stti', 'stt', 'ssigani', 'swilasvls', 'gor', 'longoyd', 'aquviirtyot', 'viig', 'notlingosd', 'cole', 'zlz', 'tolszzool', 'mon', 'suda', 'sui', 'jod', 'ddey', 'snuday', 'uosipen', 'ber']","[('May 13, 1998', 'DATE'), ('Del Ray Av', 'PERSON'), ('Las Vegas', 'GPE'), ('NV 89102\nCurrent Office', 'ORG'), ('Officeand District', 'LOC'), ('pParty', 'ORG'), ('Democrat', 'NORP'), ('1401-7710-NV', 'DATE'), ('2/95', 'CARDINAL'), ('1', 'CARDINAL'), ('19983', 'DATE'), ('U Pp\n', 'GPE'), ('Bob McAdam', 'PERSON'), ('The Tobacco Institute', 'ORG'), ('N. W.\nWashington', 'PERSON'), ('D.C. 20006', 'DATE'), ('August 17, 1993\n\n', 'DATE'), ('93230', 'CARDINAL'), ('August 3, 1993', 'DATE'), ('L. A. H. C.', 'PERSON'), ('431.21', 'MONEY'), ('10866', 'DATE'), ('Wit.', 'ORG'), ('90', 'MONEY'), ('LOS ANGELES', 'GPE'), ('CALIFORMA 90024-4303', 'ORG'), ('310', 'CARDINAL'), ('446-4800', 'CARDINAL'), ('FAX', 'ORG'), ('310', 'CARDINAL'), ('446-1896', 'CARDINAL'), ('1225', 'DATE'), ('425', 'CARDINAL'), ('SACRAMENTO', 'GPE'), ('CALIFORNIA', 'GPE'), ('95814', 'DATE'), ('916', 'CARDINAL'), ('441', 'CARDINAL'), ('916', 'CARDINAL'), ('441', 'CARDINAL'), ('0064', 'DATE'), ('LNNOWV', 'ORG'), ('Si} 3003', 'ORG'), ('WLOL', 'CARDINAL'), ('43HLO', 'CARDINAL'), ('44VLS b66t', 'QUANTITY'), ('330', 'CARDINAL'), ('7', 'CARDINAL'), ('34', 'CARDINAL'), ('466T %', 'PERCENT'), ('SLHSI1', 'PRODUCT'), ('M3N', 'NORP'), ('4o7', 'CARDINAL'), ('VIIG', 'ORG'), ('111', 'CARDINAL'), ('COLE', 'PRODUCT'), ('LE/ZLZ\nTOLSZZOOL', 'WORK_OF_ART'), ('440A MON', 'PRODUCT')]","['address', 'date']","{'titles': ['POLITICAL CAMPAIGN CONTRIBUTION REQUEST', 'RECIPIENT INFORMATION', 'CONTRIBUTION INFORMATION', '1401-7710-NV 01', 'T11712-0363', 'THE', 'INVOICE/STATEMENT', 'INV.#: 93230', 'L. A. H. C.', 'T11657-0064', 'LNNOWV SA0RV', 'SSIGANI 7*34', 'COLE"" LE/ZLZ'], 'tables_or_fields': ['Date: May 13, 1998 State: X Local: (J', '4201 Del Ray Av.', 'Las Vegas, NV 89102', 'Revised 2/95', 'egy 1°? 19983', '1875 I Street, N. W.', 'Washington, D.C. 20006', 'DATE: August 17, 1993', 'Video tapes of August 3, 1993 Prees Conference', 'Wl 10866 Wit. SHIRE BOULEVARD, SUITE $90. LOS ANGELES, CALIFORMA 90024-4303 _ (310) 446-4800 . FAX (310) 446-1896', '[1225 RIGHTH STREET, SUITE 425 . SACRAMENTO, CALIFORNIA 95814 . (916) 441-4383. PAX (916) 441-4132', 'OM1L AdOD LN3I1D', 'oo°SsIl6 oo*STTé6 and iNNOWV IVLOL', 'OO*STTI6 OO*STT6 Si} 3003 4HOM YO4 WLOL', '43HLO SWILdaVLS', '3WIL 44VLS b66t 330 96/330', 'OO*STTIé6 Oo*STTé', 'SWILASVLS 466T %é66IV gor', '3HILAAVIS Vv VIG3IH', 'oO SLHSI1 LYOdM3SN-GYV11I401 M3N LONGOYd', 'q aquviirtyot 4o7 ILN3I135', 'q VIIG NOTLINGOSd S6/¢2/to0 3ivd 111g', 'TOLSZZOOL 440A MON SUDA ON SUI[jOD) ddey'], 'body': ['Address', 'Current Office and District', '| Aspired Officeand District |', 'pParty Democrat', 'a', 'joke', '[Amount SS.', 'Check Payable to', 'Address', '(Only if different from address above)', '| Notes:', 'ate needed; fundraiser date; other info.', 'Approved by: ‘ Vit =', 'G R ie) U Pp', 'TO: Mr. Bob McAdam', 'The Tobacco Institute', '$431.21', 'SNudAy UOSIPEN\\ Ber LZ', '~~']}","{'table_reference': False, 'figure_reference': False, 'diagram_reference': False, 'image_reference': False}",1228,228,"{'dates': [], 'amounts': ['$431.21', '$90'], 'emails': []}","['political campaign contribution request date', 'x local', 'fundraiser date', 'other info', 'i street', 'shire boulevard', 'los angeles', 'ddey snuday']"
advertisement_02.tif,advertisement,.tif,"9 Cancer.
‘And May Complicate

ik

and nothing but the True.

Only one ultra low tar cigarette makes
striking a match worth the effort.

True-ism: True is Pure Pleasure.

4892z8S68

",9 cancer and may complicate ik and nothing but the true only one ultra low tar cigarette makes striking a match worth the effort true ism true is pure pleasure 4892z8s68,"['9', 'cancer', 'and', 'may', 'complicate', 'ik', 'and', 'nothing', 'but', 'the', 'true', 'only', 'one', 'ultra', 'low', 'tar', 'cigarette', 'makes', 'striking', 'a', 'match', 'worth', 'the', 'effort', 'true', 'ism', 'true', 'is', 'pure', 'pleasure', '4892z8s68']","['cancer', 'may', 'complicate', 'nothing', 'true', 'one', 'ultra', 'low', 'tar', 'cigarette', 'makes', 'striking', 'match', 'worth', 'effort', 'true', 'ism', 'true', 'pure', 'pleasure', '4892z8s68']","['cancer', 'may', 'complic', 'noth', 'true', 'one', 'ultra', 'low', 'tar', 'cigarett', 'make', 'strike', 'match', 'worth', 'effort', 'true', 'ism', 'true', 'pure', 'pleasur', '4892z8s68']","['cancer', 'may', 'complicate', 'nothing', 'true', 'one', 'ultra', 'low', 'tar', 'cigarette', 'make', 'strike', 'match', 'worth', 'effort', 'true', 'ism', 'true', 'pure', 'pleasure']","[('9', 'CARDINAL'), ('May Complicate', 'PERSON'), ('Only one', 'CARDINAL'), ('4892z8S68', 'CARDINAL')]",['low'],"{'titles': [], 'tables_or_fields': ['9 Cancer.'], 'body': ['‘And May Complicate', 'ik', 'and nothing but the True.', 'Only one ultra low tar cigarette makes', 'striking a match worth the effort.', 'True-ism: True is Pure Pleasure.', '4892z8S68']}","{'table_reference': False, 'figure_reference': False, 'diagram_reference': False, 'image_reference': False}",169,31,"{'dates': [], 'amounts': [], 'emails': []}","['a match', 'the effort', 'pure pleasure']"
emails.pdf,emails,.pdf,"Br TOBACCO COMPANY

MEMORANDUM

TO: Tamara Winfrey
FROM: S.C. Watson
DATE: March 8, 2001

SUBJECT: Taxability Teen H.I.P. Scholarship Awards

Pursuant to our conversation regarding Teen H.I.P. Awards taxability, the
attached is a recommendation from our experts on how best to inform the
winners so as to avoid a 1099 form.

Please give Dick Jacobs or me a call if you have any questions.

SCW:1

Attachment

cc:  V. Lindsley
J. Roth J
J. Bressler

C8LCEL66

ee

Hi Jordan - further to your message regarding 98 Degrees tickets, it looks like they're all gone
(see note below). Sorry.

Also, just to update you on the web banner ads, we've amended them so they focus just on 98
Degrees (see allached). The 120 x 60 ad will replace what's currently on 98degrees.com while
the larger 486 x 60 will be placed on ign.com and chickclick.com. I'm working with Anthony to get
this placed asap, As soon as we hear back from them, I'll let you know the live date.

Thanks

-----Original Message-----

From: Pamela Brown |mailto:;pabrown@ psg.marketingdrive.com|
Sent: Friday, August 24, 2001 8:43 AM

To: Williams, Hugh (BSMG)

Subject: Re: FW: Ticket assistance

Hugh, we had a total of 7 entries for this date (1 was a duplicate so its only 6), and 3 were
awarded, let me know if I need to do anything?

Pam

“Williams, Hugh (BSMG)"" wrote:

Pam - see note below. Please advise. Thanks!

-----Original Message-----

From: jbressicr@lortobco.com [mailto:jbressicr@lortobco.com]
Sent: Friday, August 24. 2001 7:16 AM

To: hwilliams@bsmg.com

Subject: Ticket assistance

Hugh, me lad ---

What is our current cntry load for the Camden, NJ date of 98 Degrees (Aug, 29).
Lf we have 4 extras, | really could use them. Let me know ASAP.

81869597

From: Judkins, Mike L.

To: Kane, R. F. <RSM> 1100; Manos, Steven <RMO> 1110; Young, Mark <RSM>
1200; Orourke, Rory <RMO> 1210; Uffindell, Colin M. <RSM> 1700; Jandes, Jeffrey
K. <RMO> 1710; Riscr, David B, <RSM> 1900; MacWilliams, Lori <RMO> 1910;
Rissler, Robert L. <RSM> 2200; Davis, Natalie <RMO> 2210; Van Horn-Dern, Chery]
<RSM> 2300; Sims, Kevin <RMO> 2310; Driskell, Stanley <RSM> 2600; Williams, H.
Duane <RMO> 2610; Young, Greg A. <RSM> 2900; Noah, Bill D. <RMO> 2910;
Simkins, Barbara J. <RSM> 5100; Hartman, Thomas <RMO> 5110; Roth, William J.
<RSM> 5400; 5410 - S. California ROU; Buckler, Michael] L. <RSM> 5600; Harbaugh,
Larry W. <RMO> 5610; Dotson, Roy P. <RSM> 5800; James, Alan R. <RMO> 5810;
Steen, Scott G. <RSM> 6200; Warden, Kevin D. <ROM> 6210; Cook, Floyd E. <RSM>
6300; Goudreault, Tom W. <RMO> 6310; Garrison, Dean <RSM> 6600; Bishop, Joc
<RMO> 6610

CC: Schmidt, Peter; Best, J. W. (Sls Exec); Cundari, Pat J.; Tucker, Wayne F.;
Wilmesher, Dave L.; Odom, J. Tom; O'Connor, Lori M.; Bochm, John D.; Qualkinbush,
Steve R.; Draper, Dot C.

BCC:

Primary Date: 11/8/1999 9:03:23 AM

Last Modified Date: 1999-Nov-08 09:28:12

Last Touched Date:

Sent Date: 1999-Nov-08 09:03:23

Received Date: 1999-Nov-08 09:03:23

Subject: Submission of 1999 Performance Ratings

Attachments:

FS_EMP_¢ TINGS. xls

2000 _perf_ratings.doc

Ladies and Gentlemen,

Attached are the management guides / schedule and worksheets by which to submit your
1999 performance ratings for both SIAP and 2000 salary plan administrative purposes.

Should you have any questions prior to disseminating this information to your
management team, please call me at cxtension 0472. Thank you for your assistance in
this matter.

Sincerely,

Mike Judkins
Sales Marketing HR

RJR0000001531010480

70037 1880

cezO cE6CS

",br tobacco company memorandum to tamara winfrey from s c watson date march 8 2001 subject taxability teen h i p scholarship awards pursuant to our conversation regarding teen h i p awards taxability the attached is a recommendation from our experts on how best to inform the winners so as to avoid a 1099 form please give dick jacobs or me a call if you have any questions scw 1 attachment cc v lindsley j roth j j bressler c8lcel66 ee hi jordan further to your message regarding 98 degrees tickets it looks like they re all gone see note below sorry also just to update you on the web banner ads we ve amended them so they focus just on 98 degrees see allached the 120 x 60 ad will replace what s currently on 98degrees com while the larger 486 x 60 will be placed on ign com and chickclick com i m working with anthony to get this placed asap as soon as we hear back from them i ll let you know the live date thanks original message from pamela brown mailto pabrown psg marketingdrive com sent friday august 24 2001 8 43 am to williams hugh bsmg subject re fw ticket assistance hugh we had a total of 7 entries for this date 1 was a duplicate so its only 6 and 3 were awarded let me know if i need to do anything pam williams hugh bsmg wrote pam see note below please advise thanks original message from jbressicr lortobco com mailto jbressicr lortobco com sent friday august 24 2001 7 16 am to hwilliams bsmg com subject ticket assistance hugh me lad what is our current cntry load for the camden nj date of 98 degrees aug 29 lf we have 4 extras really could use them let me know asap 81869597 from judkins mike l to kane r f rsm 1100 manos steven rmo 1110 young mark rsm 1200 orourke rory rmo 1210 uffindell colin m rsm 1700 jandes jeffrey k rmo 1710 riscr david b rsm 1900 macwilliams lori rmo 1910 rissler robert l rsm 2200 davis natalie rmo 2210 van horn dern chery rsm 2300 sims kevin rmo 2310 driskell stanley rsm 2600 williams h duane rmo 2610 young greg a rsm 2900 noah bill d rmo 2910 simkins barbara j rsm 5100 hartman thomas rmo 5110 roth william j rsm 5400 5410 s california rou buckler michael l rsm 5600 harbaugh larry w rmo 5610 dotson roy p rsm 5800 james alan r rmo 5810 steen scott g rsm 6200 warden kevin d rom 6210 cook floyd e rsm 6300 goudreault tom w rmo 6310 garrison dean rsm 6600 bishop joc rmo 6610 cc schmidt peter best j w sls exec cundari pat j tucker wayne f wilmesher dave l odom j tom o connor lori m bochm john d qualkinbush steve r draper dot c bcc primary date 11 8 1999 9 03 23 am last modified date 1999 nov 08 09 28 12 last touched date sent date 1999 nov 08 09 03 23 received date 1999 nov 08 09 03 23 subject submission of 1999 performance ratings attachments fs emp tings xls 2000 perf ratings doc ladies and gentlemen attached are the management guides schedule and worksheets by which to submit your 1999 performance ratings for both siap and 2000 salary plan administrative purposes should you have any questions prior to disseminating this information to your management team please call me at cxtension 0472 thank you for your assistance in this matter sincerely mike judkins sales marketing hr rjr0000001531010480 70037 1880 cezo ce6cs,"['br', 'tobacco', 'company', 'memorandum', 'to', 'tamara', 'winfrey', 'from', 's', 'c', 'watson', 'date', 'march', '8', '2001', 'subject', 'taxability', 'teen', 'h', 'i', 'p', 'scholarship', 'awards', 'pursuant', 'to', 'our', 'conversation', 'regarding', 'teen', 'h', 'i', 'p', 'awards', 'taxability', 'the', 'attached', 'is', 'a', 'recommendation', 'from', 'our', 'experts', 'on', 'how', 'best', 'to', 'inform', 'the', 'winners', 'so', 'as', 'to', 'avoid', 'a', '1099', 'form', 'please', 'give', 'dick', 'jacobs', 'or', 'me', 'a', 'call', 'if', 'you', 'have', 'any', 'questions', 'scw', '1', 'attachment', 'cc', 'v', 'lindsley', 'j', 'roth', 'j', 'j', 'bressler', 'c8lcel66', 'ee', 'hi', 'jordan', 'further', 'to', 'your', 'message', 'regarding', '98', 'degrees', 'tickets', 'it', 'looks', 'like', 'they', 're', 'all', 'gone', 'see', 'note', 'below', 'sorry', 'also', 'just', 'to', 'update', 'you', 'on', 'the', 'web', 'banner', 'ads', 'we', 've', 'amended', 'them', 'so', 'they', 'focus', 'just', 'on', '98', 'degrees', 'see', 'allached', 'the', '120', 'x', '60', 'ad', 'will', 'replace', 'what', 's', 'currently', 'on', '98degrees', 'com', 'while', 'the', 'larger', '486', 'x', '60', 'will', 'be', 'placed', 'on', 'ign', 'com', 'and', 'chickclick', 'com', 'i', 'm', 'working', 'with', 'anthony', 'to', 'get', 'this', 'placed', 'asap', 'as', 'soon', 'as', 'we', 'hear', 'back', 'from', 'them', 'i', 'll', 'let', 'you', 'know', 'the', 'live', 'date', 'thanks', 'original', 'message', 'from', 'pamela', 'brown', 'mailto', 'pabrown', 'psg', 'marketingdrive', 'com', 'sent', 'friday', 'august', '24', '2001', '8', '43', 'am', 'to', 'williams', 'hugh', 'bsmg', 'subject', 're', 'fw', 'ticket', 'assistance', 'hugh', 'we', 'had', 'a', 'total', 'of', '7', 'entries', 'for', 'this', 'date', '1', 'was', 'a', 'duplicate', 'so', 'its', 'only', '6', 'and', '3', 'were', 'awarded', 'let', 'me', 'know', 'if', 'i', 'need', 'to', 'do', 'anything', 'pam', 'williams', 'hugh', 'bsmg', 'wrote', 'pam', 'see', 'note', 'below', 'please', 'advise', 'thanks', 'original', 'message', 'from', 'jbressicr', 'lortobco', 'com', 'mailto', 'jbressicr', 'lortobco', 'com', 'sent', 'friday', 'august', '24', '2001', '7', '16', 'am', 'to', 'hwilliams', 'bsmg', 'com', 'subject', 'ticket', 'assistance', 'hugh', 'me', 'lad', 'what', 'is', 'our', 'current', 'cntry', 'load', 'for', 'the', 'camden', 'nj', 'date', 'of', '98', 'degrees', 'aug', '29', 'lf', 'we', 'have', '4', 'extras', 'really', 'could', 'use', 'them', 'let', 'me', 'know', 'asap', '81869597', 'from', 'judkins', 'mike', 'l', 'to', 'kane', 'r', 'f', 'rsm', '1100', 'manos', 'steven', 'rmo', '1110', 'young', 'mark', 'rsm', '1200', 'orourke', 'rory', 'rmo', '1210', 'uffindell', 'colin', 'm', 'rsm', '1700', 'jandes', 'jeffrey', 'k', 'rmo', '1710', 'riscr', 'david', 'b', 'rsm', '1900', 'macwilliams', 'lori', 'rmo', '1910', 'rissler', 'robert', 'l', 'rsm', '2200', 'davis', 'natalie', 'rmo', '2210', 'van', 'horn', 'dern', 'chery', 'rsm', '2300', 'sims', 'kevin', 'rmo', '2310', 'driskell', 'stanley', 'rsm', '2600', 'williams', 'h', 'duane', 'rmo', '2610', 'young', 'greg', 'a', 'rsm', '2900', 'noah', 'bill', 'd', 'rmo', '2910', 'simkins', 'barbara', 'j', 'rsm', '5100', 'hartman', 'thomas', 'rmo', '5110', 'roth', 'william', 'j', 'rsm', '5400', '5410', 's', 'california', 'rou', 'buckler', 'michael', 'l', 'rsm', '5600', 'harbaugh', 'larry', 'w', 'rmo', '5610', 'dotson', 'roy', 'p', 'rsm', '5800', 'james', 'alan', 'r', 'rmo', '5810', 'steen', 'scott', 'g', 'rsm', '6200', 'warden', 'kevin', 'd', 'rom', '6210', 'cook', 'floyd', 'e', 'rsm', '6300', 'goudreault', 'tom', 'w', 'rmo', '6310', 'garrison', 'dean', 'rsm', '6600', 'bishop', 'joc', 'rmo', '6610', 'cc', 'schmidt', 'peter', 'best', 'j', 'w', 'sls', 'exec', 'cundari', 'pat', 'j', 'tucker', 'wayne', 'f', 'wilmesher', 'dave', 'l', 'odom', 'j', 'tom', 'o', 'connor', 'lori', 'm', 'bochm', 'john', 'd', 'qualkinbush', 'steve', 'r', 'draper', 'dot', 'c', 'bcc', 'primary', 'date', '11', '8', '1999', '9', '03', '23', 'am', 'last', 'modified', 'date', '1999', 'nov', '08', '09', '28', '12', 'last', 'touched', 'date', 'sent', 'date', '1999', 'nov', '08', '09', '03', '23', 'received', 'date', '1999', 'nov', '08', '09', '03', '23', 'subject', 'submission', 'of', '1999', 'performance', 'ratings', 'attachments', 'fs', 'emp', 'tings', 'xls', '2000', 'perf', 'ratings', 'doc', 'ladies', 'and', 'gentlemen', 'attached', 'are', 'the', 'management', 'guides', 'schedule', 'and', 'worksheets', 'by', 'which', 'to', 'submit', 'your', '1999', 'performance', 'ratings', 'for', 'both', 'siap', 'and', '2000', 'salary', 'plan', 'administrative', 'purposes', 'should', 'you', 'have', 'any', 'questions', 'prior', 'to', 'disseminating', 'this', 'information', 'to', 'your', 'management', 'team', 'please', 'call', 'me', 'at', 'cxtension', '0472', 'thank', 'you', 'for', 'your', 'assistance', 'in', 'this', 'matter', 'sincerely', 'mike', 'judkins', 'sales', 'marketing', 'hr', 'rjr0000001531010480', '70037', '1880', 'cezo', 'ce6cs']","['tobacco', 'company', 'memorandum', 'tamara', 'winfrey', 'watson', 'date', 'march', '2001', 'subject', 'taxability', 'teen', 'scholarship', 'awards', 'pursuant', 'conversation', 'regarding', 'teen', 'awards', 'taxability', 'attached', 'recommendation', 'experts', 'best', 'inform', 'winners', 'avoid', '1099', 'form', 'please', 'give', 'dick', 'jacobs', 'call', 'questions', 'scw', 'attachment', 'lindsley', 'roth', 'bressler', 'c8lcel66', 'jordan', 'message', 'regarding', 'degrees', 'tickets', 'looks', 'like', 'gone', 'see', 'note', 'sorry', 'also', 'update', 'web', 'banner', 'ads', 'amended', 'focus', 'degrees', 'see', 'allached', '120', 'replace', 'currently', '98degrees', 'com', 'larger', '486', 'placed', 'ign', 'com', 'chickclick', 'com', 'working', 'anthony', 'get', 'placed', 'asap', 'soon', 'hear', 'back', 'let', 'know', 'live', 'date', 'thanks', 'original', 'message', 'pamela', 'brown', 'mailto', 'pabrown', 'psg', 'marketingdrive', 'com', 'sent', 'friday', 'august', '2001', 'williams', 'hugh', 'bsmg', 'subject', 'ticket', 'assistance', 'hugh', 'total', 'entries', 'date', 'duplicate', 'awarded', 'let', 'know', 'need', 'anything', 'pam', 'williams', 'hugh', 'bsmg', 'wrote', 'pam', 'see', 'note', 'please', 'advise', 'thanks', 'original', 'message', 'jbressicr', 'lortobco', 'com', 'mailto', 'jbressicr', 'lortobco', 'com', 'sent', 'friday', 'august', '2001', 'hwilliams', 'bsmg', 'com', 'subject', 'ticket', 'assistance', 'hugh', 'lad', 'current', 'cntry', 'load', 'camden', 'date', 'degrees', 'aug', 'extras', 'really', 'could', 'use', 'let', 'know', 'asap', '81869597', 'judkins', 'mike', 'kane', 'rsm', '1100', 'manos', 'steven', 'rmo', '1110', 'young', 'mark', 'rsm', '1200', 'orourke', 'rory', 'rmo', '1210', 'uffindell', 'colin', 'rsm', '1700', 'jandes', 'jeffrey', 'rmo', '1710', 'riscr', 'david', 'rsm', '1900', 'macwilliams', 'lori', 'rmo', '1910', 'rissler', 'robert', 'rsm', '2200', 'davis', 'natalie', 'rmo', '2210', 'van', 'horn', 'dern', 'chery', 'rsm', '2300', 'sims', 'kevin', 'rmo', '2310', 'driskell', 'stanley', 'rsm', '2600', 'williams', 'duane', 'rmo', '2610', 'young', 'greg', 'rsm', '2900', 'noah', 'bill', 'rmo', '2910', 'simkins', 'barbara', 'rsm', '5100', 'hartman', 'thomas', 'rmo', '5110', 'roth', 'william', 'rsm', '5400', '5410', 'california', 'rou', 'buckler', 'michael', 'rsm', '5600', 'harbaugh', 'larry', 'rmo', '5610', 'dotson', 'roy', 'rsm', '5800', 'james', 'alan', 'rmo', '5810', 'steen', 'scott', 'rsm', '6200', 'warden', 'kevin', 'rom', '6210', 'cook', 'floyd', 'rsm', '6300', 'goudreault', 'tom', 'rmo', '6310', 'garrison', 'dean', 'rsm', '6600', 'bishop', 'joc', 'rmo', '6610', 'schmidt', 'peter', 'best', 'sls', 'exec', 'cundari', 'pat', 'tucker', 'wayne', 'wilmesher', 'dave', 'odom', 'tom', 'connor', 'lori', 'bochm', 'john', 'qualkinbush', 'steve', 'draper', 'dot', 'bcc', 'primary', 'date', '1999', 'last', 'modified', 'date', '1999', 'nov', 'last', 'touched', 'date', 'sent', 'date', '1999', 'nov', 'received', 'date', '1999', 'nov', 'subject', 'submission', '1999', 'performance', 'ratings', 'attachments', 'emp', 'tings', 'xls', '2000', 'perf', 'ratings', 'doc', 'ladies', 'gentlemen', 'attached', 'management', 'guides', 'schedule', 'worksheets', 'submit', '1999', 'performance', 'ratings', 'siap', '2000', 'salary', 'plan', 'administrative', 'purposes', 'questions', 'prior', 'disseminating', 'information', 'management', 'team', 'please', 'call', 'cxtension', '0472', 'thank', 'assistance', 'matter', 'sincerely', 'mike', 'judkins', 'sales', 'marketing', 'rjr0000001531010480', '70037', '1880', 'cezo', 'ce6cs']","['tobacco', 'compani', 'memorandum', 'tamara', 'winfrey', 'watson', 'date', 'march', '2001', 'subject', 'taxabl', 'teen', 'scholarship', 'award', 'pursuant', 'convers', 'regard', 'teen', 'award', 'taxabl', 'attach', 'recommend', 'expert', 'best', 'inform', 'winner', 'avoid', '1099', 'form', 'pleas', 'give', 'dick', 'jacob', 'call', 'question', 'scw', 'attach', 'lindsley', 'roth', 'bressler', 'c8lcel66', 'jordan', 'messag', 'regard', 'degre', 'ticket', 'look', 'like', 'gone', 'see', 'note', 'sorri', 'also', 'updat', 'web', 'banner', 'ad', 'amend', 'focu', 'degre', 'see', 'allach', '120', 'replac', 'current', '98degre', 'com', 'larger', '486', 'place', 'ign', 'com', 'chickclick', 'com', 'work', 'anthoni', 'get', 'place', 'asap', 'soon', 'hear', 'back', 'let', 'know', 'live', 'date', 'thank', 'origin', 'messag', 'pamela', 'brown', 'mailto', 'pabrown', 'psg', 'marketingdr', 'com', 'sent', 'friday', 'august', '2001', 'william', 'hugh', 'bsmg', 'subject', 'ticket', 'assist', 'hugh', 'total', 'entri', 'date', 'duplic', 'award', 'let', 'know', 'need', 'anyth', 'pam', 'william', 'hugh', 'bsmg', 'wrote', 'pam', 'see', 'note', 'pleas', 'advis', 'thank', 'origin', 'messag', 'jbressicr', 'lortobco', 'com', 'mailto', 'jbressicr', 'lortobco', 'com', 'sent', 'friday', 'august', '2001', 'hwilliam', 'bsmg', 'com', 'subject', 'ticket', 'assist', 'hugh', 'lad', 'current', 'cntri', 'load', 'camden', 'date', 'degre', 'aug', 'extra', 'realli', 'could', 'use', 'let', 'know', 'asap', '81869597', 'judkin', 'mike', 'kane', 'rsm', '1100', 'mano', 'steven', 'rmo', '1110', 'young', 'mark', 'rsm', '1200', 'orourk', 'rori', 'rmo', '1210', 'uffindel', 'colin', 'rsm', '1700', 'jand', 'jeffrey', 'rmo', '1710', 'riscr', 'david', 'rsm', '1900', 'macwilliam', 'lori', 'rmo', '1910', 'rissler', 'robert', 'rsm', '2200', 'davi', 'natali', 'rmo', '2210', 'van', 'horn', 'dern', 'cheri', 'rsm', '2300', 'sim', 'kevin', 'rmo', '2310', 'driskel', 'stanley', 'rsm', '2600', 'william', 'duan', 'rmo', '2610', 'young', 'greg', 'rsm', '2900', 'noah', 'bill', 'rmo', '2910', 'simkin', 'barbara', 'rsm', '5100', 'hartman', 'thoma', 'rmo', '5110', 'roth', 'william', 'rsm', '5400', '5410', 'california', 'rou', 'buckler', 'michael', 'rsm', '5600', 'harbaugh', 'larri', 'rmo', '5610', 'dotson', 'roy', 'rsm', '5800', 'jame', 'alan', 'rmo', '5810', 'steen', 'scott', 'rsm', '6200', 'warden', 'kevin', 'rom', '6210', 'cook', 'floyd', 'rsm', '6300', 'goudreault', 'tom', 'rmo', '6310', 'garrison', 'dean', 'rsm', '6600', 'bishop', 'joc', 'rmo', '6610', 'schmidt', 'peter', 'best', 'sl', 'exec', 'cundari', 'pat', 'tucker', 'wayn', 'wilmesh', 'dave', 'odom', 'tom', 'connor', 'lori', 'bochm', 'john', 'qualkinbush', 'steve', 'draper', 'dot', 'bcc', 'primari', 'date', '1999', 'last', 'modifi', 'date', '1999', 'nov', 'last', 'touch', 'date', 'sent', 'date', '1999', 'nov', 'receiv', 'date', '1999', 'nov', 'subject', 'submiss', '1999', 'perform', 'rate', 'attach', 'emp', 'ting', 'xl', '2000', 'perf', 'rate', 'doc', 'ladi', 'gentlemen', 'attach', 'manag', 'guid', 'schedul', 'worksheet', 'submit', '1999', 'perform', 'rate', 'siap', '2000', 'salari', 'plan', 'administr', 'purpos', 'question', 'prior', 'dissemin', 'inform', 'manag', 'team', 'pleas', 'call', 'cxtension', '0472', 'thank', 'assist', 'matter', 'sincer', 'mike', 'judkin', 'sale', 'market', 'rjr0000001531010480', '70037', '1880', 'cezo', 'ce6c']","['tobacco', 'company', 'memorandum', 'tamara', 'winfrey', 'watson', 'date', 'march', 'subject', 'taxability', 'teen', 'scholarship', 'award', 'pursuant', 'conversation', 'regard', 'teen', 'award', 'taxability', 'attach', 'recommendation', 'expert', 'good', 'inform', 'winner', 'avoid', 'form', 'please', 'give', 'dick', 'jacobs', 'call', 'question', 'scw', 'attachment', 'lindsley', 'roth', 'bressler', 'jordan', 'message', 'regard', 'degree', 'ticket', 'look', 'like', 'go', 'see', 'note', 'sorry', 'also', 'update', 'web', 'banner', 'ad', 'amend', 'focus', 'degree', 'see', 'allache', 'replace', 'currently', 'com', 'large', 'place', 'ign', 'com', 'chickclick', 'com', 'work', 'anthony', 'get', 'place', 'asap', 'soon', 'hear', 'back', 'let', 'know', 'live', 'date', 'thank', 'original', 'message', 'pamela', 'brown', 'mailto', 'pabrown', 'psg', 'marketingdrive', 'com', 'send', 'friday', 'august', 'williams', 'hugh', 'bsmg', 'subject', 'ticket', 'assistance', 'hugh', 'total', 'entry', 'date', 'duplicate', 'award', 'let', 'know', 'need', 'anything', 'pam', 'williams', 'hugh', 'bsmg', 'write', 'pam', 'see', 'note', 'please', 'advise', 'thank', 'original', 'message', 'jbressicr', 'lortobco', 'com', 'mailto', 'jbressicr', 'lortobco', 'com', 'send', 'friday', 'august', 'hwilliam', 'bsmg', 'com', 'subject', 'ticket', 'assistance', 'hugh', 'lad', 'current', 'cntry', 'load', 'camden', 'date', 'degree', 'aug', 'extra', 'really', 'could', 'use', 'let', 'know', 'asap', 'judkin', 'mike', 'kane', 'rsm', 'manos', 'steven', 'rmo', 'young', 'mark', 'rsm', 'orourke', 'rory', 'rmo', 'uffindell', 'colin', 'rsm', 'jandes', 'jeffrey', 'rmo', 'riscr', 'david', 'rsm', 'macwilliams', 'lori', 'rmo', 'rissler', 'robert', 'rsm', 'davis', 'natalie', 'rmo', 'van', 'horn', 'dern', 'chery', 'rsm', 'sim', 'kevin', 'rmo', 'driskell', 'stanley', 'rsm', 'williams', 'duane', 'rmo', 'young', 'greg', 'rsm', 'noah', 'bill', 'rmo', 'simkin', 'barbara', 'rsm', 'hartman', 'thomas', 'rmo', 'roth', 'william', 'rsm', 'california', 'rou', 'buckler', 'michael', 'rsm', 'harbaugh', 'larry', 'rmo', 'dotson', 'roy', 'rsm', 'james', 'alan', 'rmo', 'steen', 'scott', 'rsm', 'warden', 'kevin', 'rom', 'cook', 'floyd', 'rsm', 'goudreault', 'tom', 'rmo', 'garrison', 'dean', 'rsm', 'bishop', 'joc', 'rmo', 'schmidt', 'peter', 'best', 'sls', 'exec', 'cundari', 'pat', 'tucker', 'wayne', 'wilmesher', 'dave', 'odom', 'tom', 'connor', 'lori', 'bochm', 'john', 'qualkinbush', 'steve', 'draper', 'dot', 'bcc', 'primary', 'date', 'last', 'modify', 'date', 'nov', 'last', 'touch', 'date', 'send', 'date', 'nov', 'receive', 'date', 'nov', 'subject', 'submission', 'performance', 'rating', 'attachment', 'emp', 'ting', 'xls', 'perf', 'rating', 'doc', 'lady', 'gentleman', 'attach', 'management', 'guide', 'schedule', 'worksheet', 'submit', 'performance', 'rating', 'siap', 'salary', 'plan', 'administrative', 'purpose', 'question', 'prior', 'disseminate', 'information', 'management', 'team', 'please', 'call', 'cxtension', 'thank', 'assistance', 'matter', 'sincerely', 'mike', 'judkin', 'sale', 'marketing', 'cezo']","[('Tamara Winfrey', 'PERSON'), ('S.C.', 'GPE'), ('March 8, 2001', 'DATE'), ('Taxability Teen H.I.P. Scholarship Awards\n\nPursuant', 'ORG'), ('Teen H.I.P. Awards', 'ORG'), ('1099', 'DATE'), ('Dick Jacobs', 'PERSON'), ('V. Lindsley', 'PERSON'), ('J. Bressler', 'PERSON'), ('Jordan', 'PERSON'), ('98 Degrees', 'QUANTITY'), ('98\nDegrees', 'QUANTITY'), ('120', 'CARDINAL'), ('60', 'CARDINAL'), ('98degrees.com', 'CARDINAL'), ('486', 'CARDINAL'), ('60', 'CARDINAL'), ('Anthony', 'PERSON'), ('Pamela Brown', 'PERSON'), ('Friday, August 24, 2001', 'DATE'), ('8:43 AM', 'TIME'), ('Williams', 'PERSON'), ('Hugh', 'PERSON'), ('7', 'CARDINAL'), ('1', 'CARDINAL'), ('only 6', 'CARDINAL'), ('3', 'CARDINAL'), ('Williams', 'PERSON'), ('Hugh', 'PERSON'), ('Friday, August 24. 2001', 'DATE'), ('7:16 AM', 'TIME'), ('Camden', 'GPE'), ('NJ', 'ORG'), ('98 Degrees', 'QUANTITY'), ('29', 'CARDINAL'), ('4', 'CARDINAL'), ('ASAP', 'ORG'), ('Mike L.', 'PERSON'), ('Kane', 'PERSON'), ('R. F. <RSM> 1100', 'PERSON'), ('Manos', 'PERSON'), ('Steven', 'PERSON'), ('1110', 'DATE'), ('Mark', 'PERSON'), ('1200', 'CARDINAL'), ('Orourke', 'ORG'), ('Rory', 'NORP'), ('Uffindell', 'ORG'), ('Colin M. <RSM> 1700', 'PERSON'), ('Jandes', 'PRODUCT'), ('Jeffrey\nK. <RMO>', 'PERSON'), ('1710', 'DATE'), ('Riscr', 'PERSON'), ('David B', 'PERSON'), ('MacWilliams', 'ORG'), ('Lori', 'PERSON'), ('1910', 'DATE'), ('Rissler', 'PERSON'), ('Robert L.', 'PERSON'), ('Davis', 'PERSON'), ('Natalie', 'PERSON'), ('Van Horn-Dern', 'PERSON'), ('Sims', 'ORG'), ('Kevin', 'PERSON'), ('2310', 'CARDINAL'), ('Driskell', 'ORG'), ('Stanley', 'ORG'), ('2600', 'CARDINAL'), ('Williams', 'PERSON'), ('H.\nDuane', 'PERSON'), ('2610', 'CARDINAL'), ('Greg A. <RSM>', 'PERSON'), ('Noah', 'PERSON'), ('Bill D.', 'PERSON'), ('2910', 'DATE'), ('Simkins', 'PERSON'), ('Barbara J. <RSM> 5100', 'PERSON'), ('Hartman', 'PERSON'), ('Thomas', 'PERSON'), ('Roth', 'PERSON'), ('William J.\n<', 'PERSON'), ('5410 - S.', 'PERCENT'), ('Buckler', 'PERSON'), ('Michael] L.', 'PERSON'), ('5600', 'CARDINAL'), ('Harbaugh', 'GPE'), ('Larry W. <RMO>', 'PERSON'), ('5610', 'CARDINAL'), ('Dotson', 'PERSON'), ('Roy P. <RSM> 5800', 'PERSON'), ('James', 'PERSON'), ('Alan R. <RMO>', 'PERSON'), ('5810', 'DATE'), ('Steen', 'PERSON'), ('Scott G.', 'PERSON'), ('Warden', 'GPE'), ('Kevin D.', 'PERSON'), ('Cook', 'PERSON'), ('Floyd E. <RSM>\n', 'PERSON'), ('6300', 'CARDINAL'), ('Goudreault', 'ORG'), ('Tom W. <RMO>', 'PERSON'), ('Garrison', 'PERSON'), ('Dean', 'PERSON'), ('RSM> 6600', 'PERSON'), ('Bishop', 'ORG'), ('6610', 'CARDINAL'), ('Schmidt', 'PERSON'), ('Peter', 'PERSON'), ('J. W.', 'PERSON'), ('Cundari', 'PERSON'), ('Pat J.', 'PERSON'), ('Tucker', 'PERSON'), ('Wayne F.', 'PERSON'), ('Dave L.', 'PERSON'), ('Odom', 'PERSON'), ('J. Tom', 'PERSON'), ('Lori M.', 'PERSON'), ('Bochm', 'GPE'), ('John D.', 'PERSON'), ('Qualkinbush', 'PERSON'), ('Steve R.', 'PERSON'), ('11/8/1999 9:03:23 AM', 'TIME'), ('1999-Nov-08', 'DATE'), ('1999-Nov-08', 'DATE'), ('1999-Nov-08', 'DATE'), ('1999', 'DATE'), ('Ladies and Gentlemen', 'WORK_OF_ART'), ('1999', 'DATE'), ('SIAP', 'ORG'), ('2000', 'CARDINAL'), ('0472', 'DATE'), ('Mike Judkins', 'PERSON'), ('70037 1880', 'DATE')]","['rsm', 'rmo', 'com', '1999', 'date']","{'titles': ['MEMORANDUM', 'SCW:1', 'C8LCEL66', '<RMO> 6610', 'BCC:', 'RJR0000001531010480'], 'tables_or_fields': ['DATE: March 8, 2001', 'winners so as to avoid a 1099 form.', ""Hi Jordan - further to your message regarding 98 Degrees tickets, it looks like they're all gone"", ""Also, just to update you on the web banner ads, we've amended them so they focus just on 98"", ""Degrees (see allached). The 120 x 60 ad will replace what's currently on 98degrees.com while"", ""the larger 486 x 60 will be placed on ign.com and chickclick.com. I'm working with Anthony to get"", 'Sent: Friday, August 24, 2001 8:43 AM', 'Hugh, we had a total of 7 entries for this date (1 was a duplicate so its only 6), and 3 were', 'Sent: Friday, August 24. 2001 7:16 AM', 'What is our current cntry load for the Camden, NJ date of 98 Degrees (Aug, 29).', 'Lf we have 4 extras, | really could use them. Let me know ASAP.', 'To: Kane, R. F. <RSM> 1100; Manos, Steven <RMO> 1110; Young, Mark <RSM>', '1200; Orourke, Rory <RMO> 1210; Uffindell, Colin M. <RSM> 1700; Jandes, Jeffrey', 'K. <RMO> 1710; Riscr, David B, <RSM> 1900; MacWilliams, Lori <RMO> 1910;', 'Rissler, Robert L. <RSM> 2200; Davis, Natalie <RMO> 2210; Van Horn-Dern, Chery]', '<RSM> 2300; Sims, Kevin <RMO> 2310; Driskell, Stanley <RSM> 2600; Williams, H.', 'Duane <RMO> 2610; Young, Greg A. <RSM> 2900; Noah, Bill D. <RMO> 2910;', 'Simkins, Barbara J. <RSM> 5100; Hartman, Thomas <RMO> 5110; Roth, William J.', '<RSM> 5400; 5410 - S. California ROU; Buckler, Michael] L. <RSM> 5600; Harbaugh,', 'Larry W. <RMO> 5610; Dotson, Roy P. <RSM> 5800; James, Alan R. <RMO> 5810;', 'Steen, Scott G. <RSM> 6200; Warden, Kevin D. <ROM> 6210; Cook, Floyd E. <RSM>', '6300; Goudreault, Tom W. <RMO> 6310; Garrison, Dean <RSM> 6600; Bishop, Joc', 'Primary Date: 11/8/1999 9:03:23 AM', 'Last Modified Date: 1999-Nov-08 09:28:12', 'Sent Date: 1999-Nov-08 09:03:23', 'Received Date: 1999-Nov-08 09:03:23', 'Subject: Submission of 1999 Performance Ratings', '2000 _perf_ratings.doc', '1999 performance ratings for both SIAP and 2000 salary plan administrative purposes.', 'management team, please call me at cxtension 0472. Thank you for your assistance in', '70037 1880', 'cezO cE6CS'], 'body': ['Br TOBACCO COMPANY', 'TO: Tamara Winfrey', 'FROM: S.C. Watson', 'SUBJECT: Taxability Teen H.I.P. Scholarship Awards', 'Pursuant to our conversation regarding Teen H.I.P. Awards taxability, the', 'attached is a recommendation from our experts on how best to inform the', 'Please give Dick Jacobs or me a call if you have any questions.', 'Attachment', 'cc:  V. Lindsley', 'J. Roth J', 'J. Bressler', 'ee', '(see note below). Sorry.', ""this placed asap, As soon as we hear back from them, I'll let you know the live date."", 'Thanks', '-----Original Message-----', 'From: Pamela Brown |mailto:;pabrown@ psg.marketingdrive.com|', 'To: Williams, Hugh (BSMG)', 'Subject: Re: FW: Ticket assistance', 'awarded, let me know if I need to do anything?', 'Pam', '“Williams, Hugh (BSMG)"" wrote:', 'Pam - see note below. Please advise. Thanks!', '-----Original Message-----', 'From: jbressicr@lortobco.com [mailto:jbressicr@lortobco.com]', 'To: hwilliams@bsmg.com', 'Subject: Ticket assistance', 'Hugh, me lad ---', '81869597', 'From: Judkins, Mike L.', 'CC: Schmidt, Peter; Best, J. W. (Sls Exec); Cundari, Pat J.; Tucker, Wayne F.;', ""Wilmesher, Dave L.; Odom, J. Tom; O'Connor, Lori M.; Bochm, John D.; Qualkinbush,"", 'Steve R.; Draper, Dot C.', 'Last Touched Date:', 'Attachments:', 'FS_EMP_¢ TINGS. xls', 'Ladies and Gentlemen,', 'Attached are the management guides / schedule and worksheets by which to submit your', 'Should you have any questions prior to disseminating this information to your', 'this matter.', 'Sincerely,', 'Mike Judkins', 'Sales Marketing HR']}","{'table_reference': False, 'figure_reference': False, 'diagram_reference': False, 'image_reference': False}",3186,608,"{'dates': ['11/8/1999'], 'amounts': [], 'emails': ['jbressicr@lortobco.com', 'jbressicr@lortobco.com', 'hwilliams@bsmg.com']}","['br tobacco company memorandum', 'tamara winfrey', 'watson date', 'our conversation', 'a recommendation', 'our experts', 'the winners', 'dick jacobs', 'a call', 'any questions']"
advertisement_01.tif,advertisement,.tif,"obacco
Doing About
Teen Smoking?

CONFIDENTIAL:
MINNESOTA TOBACCO LITIGATION
TIMN 327637
",obacco doing about teen smoking confidential minnesota tobacco litigation timn 327637,"['obacco', 'doing', 'about', 'teen', 'smoking', 'confidential', 'minnesota', 'tobacco', 'litigation', 'timn', '327637']","['obacco', 'teen', 'smoking', 'confidential', 'minnesota', 'tobacco', 'litigation', 'timn', '327637']","['obacco', 'teen', 'smoke', 'confidenti', 'minnesota', 'tobacco', 'litig', 'timn', '327637']","['obacco', 'teen', 'smoke', 'confidential', 'minnesota', 'tobacco', 'litigation', 'timn']","[('Teen Smoking', 'WORK_OF_ART'), ('327637', 'DATE')]",[],"{'titles': ['CONFIDENTIAL:', 'MINNESOTA TOBACCO LITIGATION', 'TIMN 327637'], 'tables_or_fields': [], 'body': ['obacco', 'Doing About', 'Teen Smoking?']}","{'table_reference': False, 'figure_reference': False, 'diagram_reference': False, 'image_reference': False}",85,11,"{'dates': [], 'amounts': [], 'emails': []}","['teen smoking', 'tobacco litigation timn']"
